SequenceLength,HeadDim,KernelName,DType,GFLOPS,TimeMs,Repeats,Validated
1024,64,V0_Multipass,FP32,286.59,0.936653,100,true
1024,64,V1_flash_tiling,FP32,64.6016,4.15524,48,true
1024,64,V2_flash_vectorized,FP32,796.5,0.337019,100,true
1024,64,V3_flash_pipeline,FP32,888.533,0.302111,100,true
1024,64,V4_flash_wmma,FP16,4254.2,0.0630989,100,true
1024,64,V5_flash_FA2_wmma,FP16,4358.9,0.0615834,100,true
2048,64,V0_Multipass,FP32,766.637,1.40059,100,true
2048,64,V1_flash_tiling,FP32,106.348,10.0965,18,true
2048,64,V2_flash_vectorized,FP32,1141.15,0.940933,100,true
2048,64,V3_flash_pipeline,FP32,943.312,1.13827,100,true
2048,64,V4_flash_wmma,FP16,5504.34,0.195072,100,true
2048,64,V5_flash_FA2_wmma,FP16,6300.02,0.170435,100,true
3072,64,V0_Multipass,FP32,912.367,2.64797,74,true
3072,64,V1_flash_tiling,FP32,132.797,18.1926,11,true
3072,64,V2_flash_vectorized,FP32,1342.79,1.79918,96,true
3072,64,V3_flash_pipeline,FP32,1354.96,1.78302,100,true
3072,64,V4_flash_wmma,FP16,8380.27,0.288287,100,true
3072,64,V5_flash_FA2_wmma,FP16,9139.95,0.264325,100,true
4096,64,V0_Multipass,FP32,1003.84,4.27853,44,true
4096,64,V1_flash_tiling,FP32,102.478,41.9113,5,true
4096,64,V2_flash_vectorized,FP32,1236.5,3.47349,59,true
4096,64,V3_flash_pipeline,FP32,1228.6,3.49581,58,true
4096,64,V4_flash_wmma,FP16,7621.16,0.563558,100,true
4096,64,V5_flash_FA2_wmma,FP16,8044.16,0.533924,100,true
5120,64,V0_Multipass,FP32,1133.73,5.91931,33,true
5120,64,V1_flash_tiling,FP32,113.006,59.3852,5,true
5120,64,V2_flash_vectorized,FP32,1387,4.83842,42,true
5120,64,V3_flash_pipeline,FP32,1506.04,4.456,43,true
5120,64,V4_flash_wmma,FP16,9735,0.689357,100,true
5120,64,V5_flash_FA2_wmma,FP16,8576.21,0.7825,100,true
6144,64,V0_Multipass,FP32,1331.26,7.25902,27,true
6144,64,V1_flash_tiling,FP32,126.4,76.4529,5,true
6144,64,V2_flash_vectorized,FP32,1354.04,7.13691,28,true
6144,64,V3_flash_pipeline,FP32,1326.74,7.28375,27,true
6144,64,V4_flash_wmma,FP16,8834.74,1.09383,100,true
6144,64,V5_flash_FA2_wmma,FP16,9708.14,0.99542,100,true
7168,64,V0_Multipass,FP32,1492.25,8.81445,22,true
7168,64,V1_flash_tiling,FP32,157.235,83.6543,5,true
7168,64,V2_flash_vectorized,FP32,1531.48,8.58866,22,true
7168,64,V3_flash_pipeline,FP32,1612.84,8.15539,24,true
7168,64,V4_flash_wmma,FP16,10323.9,1.27406,100,true
7168,64,V5_flash_FA2_wmma,FP16,11177.5,1.17677,100,true
8192,64,V0_Multipass,FP32,1176.02,14.6085,13,true
8192,64,V1_flash_tiling,FP32,132.542,129.619,5,true
8192,64,V2_flash_vectorized,FP32,1398.12,12.2879,16,true
8192,64,V3_flash_pipeline,FP32,1473.55,11.6588,17,true
8192,64,V4_flash_wmma,FP16,9008.92,1.90699,100,true
8192,64,V5_flash_FA2_wmma,FP16,9165.47,1.87441,100,true
